Model,Accuracy,ROC-AUC,F1-Score,CV AUC
Logistic Regression,0.79,0.8571920955882353,0.7929946524064172,0.9257220715464104
Decision Tree,0.77,0.7784926470588236,0.7739440203562341,0.8257733762759397
Random Forest,0.805,0.8473115808823529,0.8037236363636363,0.9138368250146446
Gradient Boosting,0.815,0.8329503676470588,0.8119695488610446,0.8971579543759791
